{
  "roc_auc": 0.9973796695440131,
  "accuracy": 0.9932367892315631,
  "precision": 0.993946191093025,
  "recall": 0.9932367892315631,
  "f1_score": 0.9934355805187765,
  "confusion_matrix": [
    [
      86703,
      559
    ],
    [
      57,
      3762
    ]
  ]
}