{"data":[{"colorbar":{"title":{"text":"Correlation"}},"colorscale":[[0.0,"rgb(103,0,31)"],[0.1,"rgb(178,24,43)"],[0.2,"rgb(214,96,77)"],[0.3,"rgb(244,165,130)"],[0.4,"rgb(253,219,199)"],[0.5,"rgb(247,247,247)"],[0.6,"rgb(209,229,240)"],[0.7,"rgb(146,197,222)"],[0.8,"rgb(67,147,195)"],[0.9,"rgb(33,102,172)"],[1.0,"rgb(5,48,97)"]],"x":["basket_icon_click","basket_add_list","basket_add_detail","sort_by","image_picker","account_page_click","promo_banner_click","detail_wishlist_add","list_size_dropdown","closed_minibasket_click","checked_delivery_detail","checked_returns_detail","sign_in","saw_checkout","saw_sizecharts","saw_delivery","saw_account_upgrade","saw_homepage","device_mobile","device_computer","device_tablet","returning_user","loc_uk","ordered"],"y":["basket_icon_click","basket_add_list","basket_add_detail","sort_by","image_picker","account_page_click","promo_banner_click","detail_wishlist_add","list_size_dropdown","closed_minibasket_click","checked_delivery_detail","checked_returns_detail","sign_in","saw_checkout","saw_sizecharts","saw_delivery","saw_account_upgrade","saw_homepage","device_mobile","device_computer","device_tablet","returning_user","loc_uk","ordered"],"z":[[1.0,0.4666705007465189,0.5299465853327646,0.07301603367034623,0.08289258672275523,0.05725274441900167,0.10934228099941226,0.044152951584661045,0.2916081406569924,0.3239397879794942,0.4057873968296502,0.06714883614851196,0.47883361827910487,0.4587739949052331,0.008741369469081505,0.05292242415905565,0.03076406837386878,0.20308663180730832,0.01620294557093083,-0.0017573138163257485,-0.00601882288397913,0.12663977301061005,0.018517577733357608,0.42833413861922537],[0.4666705007465189,1.0,0.34096823905791845,0.10685211081086284,0.061461991186357416,0.028993932282609998,0.0966081896759292,0.019060776408444707,0.46962493126919186,0.20808211380087502,0.26476550060469783,0.030468501265648852,0.3122764420092292,0.29768071640271815,0.004161368135022985,0.030286353087540935,0.018150000881980148,0.18022052591596394,-0.01720180130317224,0.01662903466145909,0.015516309159419525,0.05744271468389439,0.018796938622694055,0.28766577029482215],[0.5299465853327646,0.34096823905791845,1.0,0.0858536623532649,0.12423034131665778,0.03750187316276332,0.10904349837485429,0.05072430245942486,0.24720453284981492,0.22244362093007883,0.40413434307975543,0.0904341611230038,0.4616592290636781,0.4567130422913621,0.008100856655472133,0.0484100291360422,0.02425466321505439,0.1751379585947501,-0.018799980646058465,0.03279366928192058,-0.0017988357208448586,0.057680334122314984,0.030955524408787318,0.4144196974680833],[0.07301603367034623,0.10685211081086284,0.0858536623532649,1.0,0.18566053912995964,-0.009754431721284594,0.058155122529181154,0.02405599399741288,0.12427300308138024,0.028452691564482425,0.05963491393709163,0.02236363001892969,0.05866240182709105,0.055958917662208375,0.006195978001347948,0.02810239584778724,0.012194491812851819,0.12820527171215257,-0.2780431960163474,0.26958946073379825,0.07808825304286297,0.010366094349664977,-0.05114769703844797,0.05463595626961505],[0.08289258672275523,0.061461991186357416,0.12423034131665778,0.18566053912995964,1.0,-0.0071824267844306944,0.046967728371439574,0.03941152027991639,0.07472554890755598,0.024514643255076282,0.09177726423491121,0.06569873040243143,0.07435280484484579,0.07111580600483647,0.00571013170474442,0.03126739098805264,0.008912181039900602,0.07469771588625702,-0.2355415800576937,0.24168141916611321,0.05047141769522337,0.0020852945351243564,-0.041662108221655655,0.07149207527001225],[0.05725274441900167,0.028993932282609998,0.03750187316276332,-0.009754431721284594,-0.0071824267844306944,1.0,0.014474178384344125,0.013250981097593165,0.01691213861963541,0.03359524737594795,0.06593865824312507,0.032842378997006705,0.18798774091846007,0.08107948734497097,0.008158293846169385,0.04809468807213513,0.02694935870614898,0.07353789262010113,0.03854940187200865,-0.02529394086523105,-0.017028471903462017,0.016550074817378697,-0.0013894575057814874,0.05727907823623062],[0.10934228099941226,0.0966081896759292,0.10904349837485429,0.058155122529181154,0.046967728371439574,0.014474178384344125,1.0,0.03177541553477852,0.09799138132954709,0.05691666742344279,0.0643277613983546,0.02739836718207328,0.07308146013268224,0.06720053368317438,0.0009980275357356753,0.02461623443594193,0.017825285891585167,0.07347734035068795,-0.0323505479179082,0.03509883002172228,0.007878647602074077,0.01916821432158922,-0.01881710545448223,0.05653265976470382],[0.044152951584661045,0.019060776408444707,0.05072430245942486,0.02405599399741288,0.03941152027991639,0.013250981097593165,0.03177541553477852,1.0,0.03849718154382148,0.030590794499335713,0.039069423875791126,0.028153442738948882,0.13036786637660044,0.05278560877756257,0.0007128943855660137,0.013569868151242207,0.008132807169278135,0.033562561673989785,-0.009750338787924005,0.014492829252506,0.0020805065367590888,0.013149147277492857,-0.010889198597671516,0.023516495875068547],[0.2916081406569924,0.46962493126919186,0.24720453284981492,0.12427300308138024,0.07472554890755598,0.01691213861963541,0.09799138132954709,0.03849718154382148,1.0,0.1407004492031135,0.15198132960571503,0.0290972412688583,0.17040556776215804,0.15988479438378647,0.001118091982172281,0.028137893272536837,0.01592854963233105,0.2355469365088354,-0.00899123336472282,-0.012537234604783409,0.03621338105189952,0.10013988462771663,-0.002312545431291066,0.15486702260107563],[0.3239397879794942,0.20808211380087502,0.22244362093007883,0.028452691564482425,0.024514643255076282,0.03359524737594795,0.05691666742344279,0.030590794499335713,0.1407004492031135,1.0,0.13095796420272704,0.02629155609424188,0.15344814420227398,0.14800980131937688,0.0050801851716511795,0.021880556943187926,0.012417988979066678,0.07710169350131249,-0.0005708244632206936,-0.028120632362660918,0.04040722172325766,0.05285217398501349,0.015350908543098419,0.14001140109485957],[0.4057873968296502,0.26476550060469783,0.40413434307975543,0.05963491393709163,0.09177726423491121,0.06593865824312507,0.0643277613983546,0.039069423875791126,0.15198132960571503,0.13095796420272704,1.0,0.2212304722896865,0.6217381664807381,0.6531088430144223,0.011414664319659793,0.2038942728812961,0.03763181085245688,0.14704106433272385,-0.047746758667631166,0.05787486319651632,0.011995921855961959,0.039461598656381686,0.02101837710908313,0.7987204780500137],[0.06714883614851196,0.030468501265648852,0.0904341611230038,0.02236363001892969,0.06569873040243143,0.032842378997006705,0.02739836718207328,0.028153442738948882,0.0290972412688583,0.02629155609424188,0.2212304722896865,1.0,0.08594396151075687,0.079254944000782,0.0202976583117534,0.060428063479572275,0.022563815916248824,0.03367840731755203,-0.028861202352627117,0.031207326141354644,0.006363340343501261,-0.009876736144116948,-0.0034935410922462273,0.059483723447421755],[0.47883361827910487,0.3122764420092292,0.4616592290636781,0.05866240182709105,0.07435280484484579,0.18798774091846007,0.07308146013268224,0.13036786637660044,0.17040556776215804,0.15344814420227398,0.6217381664807381,0.08594396151075687,1.0,0.9300267529821228,0.009508833782879839,0.0671519322755743,0.040057697204280006,0.19570079480447092,-0.03312265583772498,0.045249136623785484,0.011572154678326656,0.08143366815460037,0.014864234101882264,0.6655557350054894],[0.4587739949052331,0.29768071640271815,0.4567130422913621,0.055958917662208375,0.07111580600483647,0.08107948734497097,0.06720053368317438,0.05278560877756257,0.15988479438378647,0.14800980131937688,0.6531088430144223,0.079254944000782,0.9300267529821228,1.0,0.010189133223587119,0.05458014379033978,0.038401057665745864,0.1871564894172062,-0.037084061162462316,0.048397755272158914,0.013651722569070547,0.08084138487143815,0.017415988827861262,0.7089855655971137],[0.008741369469081505,0.004161368135022985,0.008100856655472133,0.006195978001347948,0.00571013170474442,0.008158293846169385,0.0009980275357356753,0.0007128943855660137,